ms_ezor,x_0,x_1001,x_1002,x_1003,x_1004,x_1005,x_1006,x_1007,x_1008,x_1009,x_1010,x_1011,
111,0,0.495127508,0.001688137,0.000408067,0,0.069520715,0.076487433,0,0.356768151,0,0,0,1.000000012
112,0,0.363962917,0.018261373,0,0,0.124802,0.248551252,0,0.233981088,0,0,0.010441382,1.000000012
113,0,0.374834364,0.069001325,0.003261869,0,0.097044473,0.179578589,0,0.238191446,0,0.038089554,0,1.00000162
114,0,0.437094691,0.001785642,0,0,0.087931389,0.190958678,0,0.218732867,0,0.063496745,0,1.000000012
115,0,1.70E-05,0,0.000455101,0,0.498951379,0.118308715,0,0.266175795,0.03507101,0.081021003,0,1.000000012
116,5.31E-05,0.00145159,0,0.001073006,0,0.002426286,0.837027031,0,0.125316237,0.021358,0.00894892,0,0.997654148
121,0.319838864,0.254670704,0.041164801,0,0,0.05455234,0.104995606,0,0.169554343,0,0.05522334,0,0.999999997
122,0.345330321,0.292420895,0.044448295,0,0,0.106328128,0.08287417,0,0.121246068,0,0,0.007352135,1.000000012
123,0,0.523949067,0.003130793,0,0,0.095535999,0.139562322,0,0.232130434,0,0.005691372,0,0.999999987
124,0,0.438709258,0.040391023,0,0,0.122811325,0.128367369,0,0.264248516,0.00547253,0,0,1.00000002
125,0,0.519311063,0,0,0,0.107397737,0.02780503,0,0.345265544,0,0.000220597,0,0.999999971
211,0.003311067,0.467900073,0.015882285,0,0,0.092383301,0.145625664,0,0.263761822,0,0,0.011135489,0.999999703
212,0,0.466409832,0.019014014,0,0,0.119240084,0.079880211,0,0.315455373,0,0,0,0.999999514
213,0,0.549874271,0,0,0,0.054140245,0.080161511,0,0.312935585,0,0.002888348,0,0.99999996
214,0,0.381902868,0.02823656,0,0,0.109134891,0.287973653,0,0.192752039,0,0,0,1.000000012
221,0,0.52581738,0.00967351,0,0,0.070849764,0.065365715,0,0.323321894,0,0.004972147,0,1.000000409
222,0,0.396757514,0,0.041171356,0,0.222509436,0.095822572,0,0.233440444,0,0.005945052,0.004353914,1.000000287
223,0,0.526810602,0.012518371,0,0,0.082922502,0.138344087,0,0.239404431,0,0,0,0.999999993
224,0,0.19060376,0.0087198,0,0,0.024998355,0.522929378,0,0.240795399,0.010219323,0.001733998,0,1.000000012
311,0.000597969,0,0.101468738,0,0,0,0.057661445,0,0.269934009,0.260171636,0.224469542,0,0.914303338
312,0.013501378,0.269708472,0.208769054,0,0.037019285,0.035018684,0.114703435,0,0.304682782,0,0.016596945,0,1.000000035
313,0,0.323591504,0.164266292,0,0,0.025065087,0.2882915,0,0.198785629,0,0,0,1.000000012
314,0,0.478378286,0.005779692,0,0,0.031417925,0.213391815,0,0.230881322,0,0,0.040150982,1.000000023
315,0,0.498075621,0.0877209,0,0,0.026098108,0.050577642,0,0.288898466,0,0,0.048629275,1.000000012
316,0,0.531770296,0.107479434,0,0,0.042298054,0.059895341,0,0.258556886,0,0,0,1.000000012
317,0,0.336366342,0.209627108,0,0.016670228,0.117841931,0.035992142,0,0.267433437,0,0.016068824,0,1.000000012
321,0,0.414503549,0.186391769,0,0.007143319,0.031398954,0.042161084,0,0.281930064,0,0,0.036471274,1.000000012
322,0,0.528341386,0.105951314,0,0,0.03781739,0.017609537,0,0.245157764,0,0,0.065122621,1.000000012
323,0,0.558132696,0,0,0,0.017936079,0.062192997,0,0.260269021,0,0,0.101469219,1.000000012
324,0,0.365761191,0,0,0,0.077702554,0.109560757,0,0.278011259,0,0.09354786,0.075416391,1.000000012
325,0,0.570253486,0.041547538,0,0,0.058570563,0.041745154,0,0.237283586,0,0.000180252,0.050419432,1.000000012
326,0,0.425102382,0.16896883,0,0,0.045897674,0.046201231,0,0.254530163,0,0,0.059299731,1.000000012
411,1.60E-09,0.283143214,0,0,0,0.055365076,0.31650765,0,0.306450574,0.034787442,0.003745339,0,0.999999296
412,0.024999851,0.356079873,0.011696898,0.011349795,0,0.077935328,0.130750264,0.007796756,0.336102141,0,0.043289057,0,0.999999963
421,0,0.463554855,0,0,0,0.082913728,0.173016245,0,0.276803967,0,0,0.003711217,1.000000012
422,0,0.443300088,0,0,0,0.043497307,0.300693521,0,0.212509095,0,0,0,1.000000012
423,0,0.602871272,0,0.000556576,0,0.0661582,0.035752339,0,0.279182807,0,0.009304257,0.00617456,1.000000012
511,0.155472646,0.161116145,0.083120662,0.002939059,0.044975576,0,0.227422775,0,0.234805903,0,0.090146489,0,0.999999255
512,0,0.542821273,0.049631747,0.000623132,0,0.017006226,0.009620411,0.1118472,0.239559186,0,0.028890835,0,1.000000012
513,0,0.46529545,0.150199345,0,0.006044532,0,0.020951151,0,0.308204708,0,0,0.049304825,1.000000012
514,0,0.521058254,0,0,0,0.06987512,0.197998163,0,0.211068475,0,0,0,1.000000011
515,0,0.723767673,0,0,0,0.019982031,0.011530952,0,0.244719357,0,0,0,1.000000012
516,0,0.711034969,0.001543861,0,0,0.062931994,0.019297415,0,0.205191742,0,0,0,0.999999981
517,0,0.569173914,0.010712723,0,0,0.04389809,0.063732245,0,0.312483039,0,0,0,1.000000012
521,0.024379159,0.347801437,0.020057195,0.000814191,0.035992794,0.019358685,0.176802378,0,0.249911998,0.12108607,0.003796102,0,1.00000001
522,0.027933559,0.354648236,0,0,0.133802209,0,0.200255217,0,0.247620815,0.035740189,0,0,1.000000226
523,0,0.370397738,0.027559148,0.033215899,0.085822919,0.160334069,0.005842977,0,0.311853617,0,0,0.004973789,1.000000156
531,0.081670673,0,0,0.066712047,0.076018465,0.026143613,0.347718172,0,0.158839719,0.222971843,0.011778759,0,0.99185329
532,0,0.200854834,0,0.000608119,0.00196659,0.050584417,0.009351721,0,0.187189367,0.549444685,0,0,0.999999733
533,0,0.381193628,0.007216545,0.007735983,0.025773491,0.100088097,0.017800282,0,0.284297838,0.137177596,0,0.038716546,1.000000007
541,0,0.069093173,0.02299939,0.002713939,0.012018132,0.047692204,0,0,0.182450582,0.639891563,0.016372056,0.006768933,0.999999972
542,0,0.455205233,0.178918287,0.008435847,0.018252026,0.049948727,0.016609886,0,0.225738086,0,0.046891919,0,1.000000012
543,0,0.674499736,0,0,0,0.120997056,0,0,0.20450322,0,0,0,1.000000012
551,0,0.007357354,0.069522014,0.122035621,0.008115173,0.025409672,0.040044802,0,0.259795892,0.391646668,0.045745665,0.030327149,1.000000012
552,0,0.089909128,0.26845591,0.16097255,0.00946604,0.022334143,0.044493193,0,0.340624699,0,0.051815893,0.011928435,0.999999992
553,0,0.671522727,0,0,0.031418696,0.084726831,0,0,0.212331757,0,0,0,1.000000012
554,0,0.585174621,0.049820371,0,0.00705279,0,0.07267994,0,0.255644652,0,0.029627587,0,0.999999961
611,0,0.30913288,0.120024011,0.04612151,0,0.147836231,0.009211525,0,0.334230681,0,0.033443174,0,1.000000012
612,0,0.146787316,0.018751368,0.220939586,0,0.172002529,0.045719518,0,0.303562799,0,0.0713986,0.020838366,1.000000082
613,0,0,0.010103853,0.160207304,0.010592579,0.022504947,0.091741963,0,0.2691201,0,0.435729235,0,0.999999981
621,0,0,0,0.376074171,0,0,0.05197522,0,0.358474929,0,0.18868256,0.024793182,1.000000061
622,0,0.02657993,0.073608592,0.055485119,0.003935609,0.078503439,0.050409767,0,0.309715468,0.120041382,0.125587477,0.156133101,0.999999884
623,0,0,0.020865659,0.468091673,0.009448277,0.039650676,0.018887804,0,0.314450614,0.053679566,0.074923667,0,0.999997936
624,0,0,0.015310229,0.388216626,0,0.05573548,0.121140922,0,0.353844633,0.024945056,0.011340037,0.029467155,1.000000138
625,0,0,0,0.285803348,0,0,0.033639617,0,0.367428954,0.167052202,0.14607589,0,1.000000012
711,0,0.351263068,0.024022995,0.006897436,0.004202383,0.049239405,0.123198773,0,0.353088901,1.07E-05,0.039358596,0.020776912,0.972059141
712,0,0.250019847,0.004519688,0.172217184,0.022241455,0.041519546,0.046779755,0,0.388634102,0,0.019946951,0.054121481,1.000000009
713,0,0,0,0.553150649,0,0.014224103,0.044888328,0,0.368127716,0,0,0.01960929,1.000000086
714,0,0.172789854,0.042187681,0.306246437,0,0.067563873,0.060020099,0,0.347339964,0,0,0.003851621,0.999999529
715,0,0.060635998,0.001668924,0.205949389,0,0.165543371,0.085863535,0,0.373010468,0,0.077066358,0.030261181,0.999999224
721,0,0.184014858,0.020059164,0.122270823,0,0.21345991,0.033780248,0,0.335098666,0.091316264,0,0,0.999999932
722,0,0.38600479,0,0,0,0.094089038,0.192830472,0,0.319934867,0,0,0.00714096,1.000000127
723,8.19E-05,0.368283511,0,0,0,0.102165113,0.229105639,0,0.299487503,0,0.00087639,0,1.000000012
724,0.000255288,0.481008568,0.008805127,0,0,0.116891071,0.134863844,0,0.241902855,0,0.016273068,0,0.999999822
731,0,0.235602675,0,0.132467782,0,0.12752191,0.078142242,0,0.418435831,0,0,0.007829572,1.000000012
732,0,0.46481426,0.015773122,0.009277663,0,0.125291072,0.0358155,0,0.33587574,0,0.013153209,0,1.000000567
733,0,0.361237428,0.019947171,0,0,0.107044174,0.182926174,0,0.304778735,0,0.005735697,0.018330558,0.999999938
734,0.000577375,0.016798903,0.015123703,0.134913043,0,0,0.241332551,0.006659677,0.297605012,0.12905518,0.157935046,0,1.00000049
811,0,0.123006676,0.467501519,0.003145009,0,0.014751824,0.021948918,0,0.36964605,0,0,0,0.999999996
812,0,0.013924612,0.649624774,0.010128872,0,0.009643117,0.007178435,0,0.307570123,0,0.001930079,0,1.000000012
813,0,0,0.609675733,0,0,0,0.01604611,0,0.344495561,0,0.029782608,0,1.000000012
814,0,0.094161868,0.475600402,0,0,0.053385614,0.025434134,0,0.292370063,0,0,0.0590476,0.999999682
815,0,0,0.260824274,0.151470666,0,0.109767668,0.035369815,0,0.324837254,0.004799219,0.013778706,0.099151347,0.999998949
816,0,0.030982453,0.185821633,0.159487483,0,0.009408495,0.030139712,0,0.365782208,0.075678259,0.113443193,0.029256576,1.000000012
817,0,0.217694815,0,0.192698022,0,0.106689712,0.043460973,0,0.400473944,0,0,0.038979999,0.999997464
821,0,0.225716765,0.05130198,0.038892998,0,0,0.010450608,0,0.331557889,0.129153205,0.212927301,0,1.000000746
822,0,0.530097883,0.035421658,0,0,0.143904835,0.033338368,0,0.251613453,0,0.001847509,0.003776079,0.999999785
823,1.97E-05,0.165840699,0,0.081348177,0,0.025910787,0.027498164,0,0.484474907,0.120591676,0.09431588,0,0.999999992
824,0,0.570477741,0.001493602,0.001660063,0,0.023905922,0.071594434,0.072104029,0.258764087,0,0,0,0.999999879
825,0,0,0,0.44777852,0,0,0,0,0.552221394,0,0,0,0.999999913
826,0,0,0.074362902,0.503200743,0,0,0,0,0.417412649,0,0.005023675,0,0.999999969
831,0,0.056260674,0,0,0,0.077439937,0.573496854,0,0.211768698,0,0.081033832,0,0.999999995
832,0,0.461525439,0.006875015,0,0,0.148684589,0.135404944,0,0.229657466,0,0.017853429,0,1.000000882
833,3.03E-05,0.424925373,0.013767771,0,0,0.054134184,0.102040428,0,0.358074653,0,0.047027292,0,1.000000021
911,0.00169151,0.675965302,0.006470228,0,0,0.040580484,0.042420374,0,0.226324554,0,0.006378255,0,0.999830706
912,0.000114209,0.345044988,0,0.116164622,0,0.070400429,0.099768619,0.087637235,0.247053524,0.000524456,0,0.033291761,0.999999842
913,5.64E-05,0,0,0.344064159,0,0.036149894,0.07173627,0,0.344596292,0.079384481,0.073608321,0.050404158,0.99999998
914,0,0,0,0.326350284,0,0.040660457,0.126922303,0,0.300942046,0.000116285,0.062589537,0.14241952,1.000000432
915,0,0.628778299,0.006400963,0,0,0.063688075,0.045494631,0,0.255493719,0,0.000144247,0,0.999999934
916,0.008616271,0.590310466,0.013145593,0,0,0.099345203,0.030696974,0,0.257433763,1.87E-05,0,0,0.999566992
921,0.00022713,0.486394784,0.012492775,0.010006715,0,0.086362408,0.093551,0,0.304987059,0,0.005978187,0,1.000000059
922,0.000818388,0.318662815,0.011155823,0.002295998,0,0.058131833,0.355303525,0,0.246820518,0,0.006802985,0,0.999991885
923,0,0.015884438,0,0.04153884,0,0.528086167,0.067640757,0,0.260562149,0,0.086287574,0,0.999999925
924,0,0.362459339,0.00846524,0,0,0.166948496,0.212944435,0,0.173247885,0.047317143,0,0.028617473,1.000000012
931,0,0,0,0.373102601,0,0,0.286309765,0,0.277891957,0,0.062695594,0,0.999999917
932,0,0.500313422,0,0,0,0.14651334,0.087225091,0,0.243427773,0,0.022520384,0,1.00000001
933,0,0.501795995,0.018583603,0.005288315,0,0.088445672,0.022925178,0,0.301624712,0.014756536,0.046579727,0,0.999999738
934,0,0.563730995,0.007405671,0,0,0.042178475,0.098579643,0,0.261699408,0,0.026405794,0,0.999999985
935,0,0.473934213,0.005604323,0,0,0.154154435,0.123370134,0,0.231782441,0,0.011154465,0,1.000000012
1011,0,0.396009068,0.063592386,0,0,0.074209882,0.174837797,0,0.270600103,0.000195368,0.0205562,0,1.000000803
1012,0,0.380010273,0,0,0,0.168269461,0.140679462,0,0.200383059,0.052744879,0.057912565,0,0.999999699
1013,0,0.707988537,0,0,0,0.006225342,0.013844927,0,0.271941204,0,0,0,1.00000001
1014,0,0.65399373,0,0,0,0.047237485,0.019501408,0,0.254283455,0.005192961,0.019790865,0,0.999999903
1021,1.66E-06,0.482405453,0,0,0,0.109323884,0.079932053,0,0.3123716,0,0.01596548,0,1.00000013
1022,0,0.358441737,0,0,0,0.150821053,0.12211791,0,0.331336537,0,0,0.037283056,1.000000293
1023,0.006102937,0.586628443,0.003613102,8.67E-05,0,0.074873682,0.055128901,0,0.240871755,0.002035712,0.030658854,0,1.000000133
1024,0.00039658,0.00178139,0,0,0,0,0.971356732,0,0.014767016,0.000106115,2.33E-05,0,0.988431165
1031,0,0.530757692,0,0,0,0.167092754,0.088602582,0,0.196581735,2.29E-05,0.016943628,0,1.000001274
1032,0,0.445635926,0,0,0,0.08626808,0.167916638,0.026635874,0.272897395,0.000519449,0.000126649,0,1.000000012
1033,0,0.503185112,0.002919088,0,0,0.149696112,0.077010547,0,0.267189152,0,0,0,1.000000011
1034,0,0.4691465,0.002413909,0,0,0.071846451,0.124411783,0,0.286064107,0,0.046117373,0,1.000000122
1041,0,0.522218536,0.027690787,0,0,0.13741405,0.094759516,0,0.217917123,0,0,0,1.000000012
1042,1.60E-05,0.395585691,0.003778127,0,0,0.135631573,0.15725028,0,0.307738601,0,0,0,1.000000301
1043,7.96E-11,0.424295139,0,0,0,0.105960318,0.165133981,0,0.279091305,0.010827518,0.01469178,0,1.000000042
1111,0.000926463,0.257751427,0.057040764,0.058811573,0.002222297,0.142054582,0.107332691,0,0.360898321,0,0.012962126,0,1.000000245
1112,0.000173609,0.060100667,0.002481648,0.067801937,0.043249668,0.066534897,0.490224158,0,0.203284175,0.004173675,0.038896107,0.009647121,0.986567664
1121,0,0.472483963,0.008936119,0,0,0.089002861,0.096848274,0,0.332728755,0,0,0,0.999999973
1122,0,0.307071619,0,0.038767871,0,0.15480448,0.134689662,0,0.364666413,0,0,0,1.000000046
1123,0,0.411347871,0.012727291,0.007334856,0,0.10837647,0.138115561,0,0.28341946,0,0.000697821,0.037982296,1.000001626
1131,0,0.547720687,0.013682342,0.005076307,0,0.061933153,0.097349284,0,0.274238239,0,0,0,1.000000012
1132,0,0.10225485,0.012998259,0.057085392,0.035832596,0.208720038,0.158474402,0,0.28317753,0,0.000313406,0.141144866,1.00000134
1133,0,0.453279607,0.012296134,0,0,0.105203931,0.078067952,0,0.346917671,0,0.004235952,0,1.000001248
1211,0.061699838,0.219827523,0,0.022512888,0,0.064525757,0.107523614,0.369160131,0.137290145,0.012474012,0.004986086,0,0.999999996
1212,0,0.582763701,0.014125222,0,0,0.08574632,0.074355051,0,0.241000464,0,0.002010001,0,1.000000759
1213,0.040090117,0.588448256,0.012241689,0,0,0.039900474,0.150012681,0,0.169306736,0,0,0,0.999999953
1221,0,0.593052438,0.010332847,0,0,0.062033291,0.073558322,0,0.251135452,0,0.009887572,0,0.999999922
1222,0,0.613646689,0.010227734,0,0,0.093092318,0.020079145,0,0.207285024,0,0.055669096,0,1.000000006
1223,0,0.491519218,0.007912933,0.007360674,0,0.061609976,0.210628179,0,0.220969026,0,0,0,1.000000007
1224,0.003255456,0.003272052,0,0.394759678,0,0.029401915,0.29293353,0,0.180348149,0,0.03474474,0.039254317,0.977969836
1225,6.27E-10,0,0,0.001388071,0,0.006294236,0.598579273,0,0.148109809,0,0.234311965,0,0.988683356
1231,0.022460253,0.493526022,0,0,0,0.109133464,0.15614554,0,0.217425968,0,0.00130871,0,0.999999958
1232,0,0.357755114,0.005931327,0,0,0.18827245,0.185096958,0,0.239077842,0.000613523,0.023165748,0,0.999912963
1311,0.050926836,0.010422605,0.00199841,0,0.060224748,0,0.545256488,0.00622672,0.163991981,0.054245994,0.062761555,0,0.956055336
1312,0,0.619596794,0.104884471,0,0.014898416,0,0.042590702,0,0.218029628,0,0,0,1.000000011
1313,0,0.493119505,0.228133768,0,0,0.00968755,0.01475259,0,0.254306599,0,0,0,1.000000012
1314,0,0.562777826,0.170471528,0,0,0.047989403,0,0,0.218761255,0,0,0,1.000000012
1315,0.09244082,0.294292058,0.110915545,0,0.045428011,0,0.223976997,0,0.229479931,0,0,0,0.996533362
1316,0,0.524130463,0.134605827,0,0,0.103815935,0,0,0.228482376,0,0.008965411,0,1.000000012
1317,0,0.540208862,0.125863748,0,0,0,0.005246936,0,0.29180637,0,0.03687399,0,0.999999906
1321,0,0.619415894,0.080357656,0,0,0.053646049,0.007228513,0,0.2393519,0,0,0,1.000000012
1322,0,0.638713532,0.092421467,0,0,0.024012682,0,0,0.244852331,0,0,0,1.000000012
1323,0,0.409055533,0,0,0,0,0.18571586,0,0.330904333,0,0,0.074324286,1.000000012
1331,0,0.57117063,0.106746556,0,0,0,0.043448464,0,0.270129882,0,0.008504484,0,1.000000016
1332,0,0.345839469,0.286562131,0.004140996,0,0.035337258,0.009143798,0,0.312578847,0.002603084,0.003795547,0,1.000001131
1333,0,0.540683465,0.098873979,0,0,0,0.039217208,0,0.274853051,0,0,0.046372308,1.000000012
1341,0,0.510356803,0.039980343,0,0,0.018589561,0.046269987,0,0.295482239,0,0,0.089321078,1.000000012
1342,0,0.569441852,0.046343156,0,0,0.088043949,0.024780421,0,0.255820497,0,0,0.015570136,1.000000012
1343,0,0.413777444,0.006850903,0,0,0.126123077,0.11601378,0,0.302695727,0,0,0.034539081,1.000000012
1411,0,0.632099208,0,0,0,0.05991676,0,0,0.246144515,0,0,0.061839548,1.000000031
1412,0,0.639575277,0,0,0,0.086007025,0.021089581,0,0.253328129,0,0,0,1.000000012
1413,0,0.515098059,0,0,0,0.084053618,0.106116322,0,0.291403354,0,0.003328712,0,1.000000064
1414,0,0.492319261,0,0,0,0.236851475,0.094902909,0,0.175927218,0,0,0,1.000000863
1415,0,0.536320099,0,0.006909253,0,0.067881434,0.044952119,0,0.283154933,0,0,0.060782163,1
1416,0,0.498348723,0,0,0,0.037798982,0.05234328,0,0.29958534,0,0.06603829,0.045885263,0.999999879
1417,0,0.263548434,0.019898395,0,0,0.178126864,0.018615932,0,0.238800636,0,0.120934856,0.160075177,1.000000295
1421,0,0.557619941,0,0,0,0.025950034,0.015540344,0,0.275910603,0,0,0.12497909,1.000000012
1422,0,0.570102959,0.008050875,0,0,0.069155054,0.113286366,0,0.201753872,0,0,0.037650677,0.999999803
1423,0,0.506695093,0.003672202,0,0,0.094943222,0.114525398,0,0.22103683,0,0.013606551,0.045520936,1.00000023
1424,0,0,0.009187323,0.013540962,0,0.552235581,0.20384526,0,0.191064094,0,0.030126874,0,1.000000094
1425,0,0.007462483,0,0,0,0.755972795,0.020876218,0,0.09407453,0,0.121613986,0,1.000000012
1426,0,0.435953197,0.009293816,0,0,0.068580666,0.114919362,0,0.312829162,0,0,0.058425324,1.000001528
1427,2.47E-05,0,0,0.269049706,0,0.072004201,0.006605138,0,0.55916976,0.002104374,0.091042177,0,1.000000008
1428,0.011141972,0.227234218,0,0.0093464,0,0.048732628,0.052813761,0,0.49349486,0.104491291,0.052744187,0,0.999999318
1511,0,0.089861009,0.031618782,0,0.080851297,0.054400503,0.154521348,0.019154232,0.182852552,0.021684866,0.310161141,0,0.945105729
1512,0,0.515441717,0.000218535,0,0,0.058528454,0.057881686,0.017566926,0.263871795,0.022703585,0.0637873,0,0.999999998
1513,0,0.509217543,0,0.00922974,0,0.099952305,0.087389674,0,0.281022952,0,0.01318777,0,0.999999985
1514,0.00017131,0.321848574,0.001424911,0,0,0.096432802,0.183706538,0.099736748,0.219497821,0,0.054283432,0.00692938,0.984031516
1515,0,0.396892779,0.000193483,0,0.096408393,0.05708025,0.312844843,0,0.121878767,0,0.007995407,0,0.993293922
1521,0,0.472021462,0,0,0,0.100935207,0.06675367,0.003709495,0.294325166,0,0.062255012,0,1.000000012
1522,0,0.506492275,0,0,0,0.090444368,0.075592831,0,0.254476394,0.009534276,0.063459869,0,1.000000012
1523,0,0.323906504,0,0,0,0.176265446,0.090328458,0,0.244205346,0.075684275,0.089609983,0,1.000000012
1524,0,0.557488105,0,0,0,0.037442378,0.112405736,0,0.28456146,1.63E-05,0.008086089,0,1.000000044
1525,0,0.247721795,0.002731902,0,0,0.077130776,0.38415138,0,0.239385612,0,0.048878502,0,0.999999967
1526,0.001666504,0.380495516,0.014924231,0,0,0.129208019,0.186003932,0.002137828,0.249893814,0.010214038,0.025455014,0,0.999998897
,,,,,,,,,,,,,1.000001626
,,,,,,,,,,,,,0.914303338
